https://facedrivesupply.com/wp-admin/post.php?post=5983&action=edit,https://facedrivesupply.com/product/store-supply/takeout-bag/%e3%80%90cxplastics%e3%80%91white-t-shirt-bag-s4-ld-18x21-17lb/
https://facedrivesupply.com/wp-admin/post.php?post=5987&action=edit,https://facedrivesupply.com/product/store-supply/takeout-bag/%e3%80%90cxplastics%e3%80%91white-t-shirt-bag-s5-ld-19x22-19lb/
https://facedrivesupply.com/wp-admin/post.php?post=5977&action=edit,https://facedrivesupply.com/product/store-supply/takeout-bag/%e3%80%90cxplastics%e3%80%91s1-t-shirt-bag-white-ld-16x18-25lb/
https://facedrivesupply.com/wp-admin/post.php?post=5981&action=edit,https://facedrivesupply.com/product/store-supply/takeout-bag/%e3%80%90cxplastics%e3%80%91s3-t-shirt-bag-white-ld17x20-16lb/
https://facedrivesupply.com/wp-admin/post.php?post=11715&action=edit,https://facedrivesupply.com/product/store-supply/takeout-bag/20lbhd-brown-grocery-bag-500s/
https://facedrivesupply.com/wp-admin/post.php?post=6015&action=edit,https://facedrivesupply.com/product/store-supply/takeout-bag/%e3%80%90gbc-1053%e3%80%9110-x-5-x-13-kraft-paper-bag-twisted-round-handle-120gsm-250-case/
https://facedrivesupply.com/wp-admin/post.php?post=6610&action=edit,https://facedrivesupply.com/product/store-supply/takeout-bag/%e3%80%90cxplastics%e3%80%91s2-t-shirt-bag-white-ld16x20-15lb/
https://facedrivesupply.com/wp-admin/post.php?post=6621&action=edit,https://facedrivesupply.com/product/store-supply/takeout-bag/dd65-1-6-brown-paper-barrel-bags-12x7x17-500s-cs/
https://facedrivesupply.com/wp-admin/post.php?post=5975&action=edit,https://facedrivesupply.com/product/store-supply/takeout-bag/%e3%80%90cxplastics%e3%80%91s1a-t-shirt-bag-white-ld-13x16-20lb/
https://facedrivesupply.com/wp-admin/post.php?post=6624&action=edit,https://facedrivesupply.com/product/store-supply/takeout-bag/%e3%80%90frontenac-dd50%e3%80%919-sac-grocery-brown-bag-500s/
https://facedrivesupply.com/wp-admin/post.php?post=5989&action=edit,https://facedrivesupply.com/product/store-supply/takeout-bag/medium-convenience-bags-2-rolls-case-15-5-x-10-5/
https://facedrivesupply.com/wp-admin/post.php?post=6031&action=edit,https://facedrivesupply.com/product/store-supply/takeout-bag/%e3%80%90chartland%e3%80%9135-x-47-black-garbage-bag-x-str-100-bags/
https://facedrivesupply.com/wp-admin/post.php?post=5993&action=edit,https://facedrivesupply.com/product/store-supply/takeout-bag/large-convenience-bags-2-rolls-case-20-x-10-5/
https://facedrivesupply.com/wp-admin/post.php?post=6019&action=edit,https://facedrivesupply.com/product/store-supply/takeout-bag/%e3%80%90gbc-1373%e3%80%9113-x-7-x-13-kraft-paper-bag-twisted-round-handle-120gsm-200-case/
https://facedrivesupply.com/wp-admin/post.php?post=5985&action=edit,https://facedrivesupply.com/product/store-supply/takeout-bag/%e3%80%90cxplastics%e3%80%91color-t-shirt-bag-s4-ld-18x21-16lb/
https://facedrivesupply.com/wp-admin/post.php?post=6013&action=edit,https://facedrivesupply.com/product/store-supply/takeout-bag/dd50-brown-paper-bag-9-75x6x16-500s-cs/
https://facedrivesupply.com/wp-admin/post.php?post=5999&action=edit,https://facedrivesupply.com/product/store-supply/takeout-bag/%e3%80%90atlas%e3%80%916x0-75x6-75sandwich-bag-regular-1000s/
https://facedrivesupply.com/wp-admin/post.php?post=21926&action=edit,https://facedrivesupply.com/product/store-supply/takeout-bag/%e3%80%90atlas%e3%80%9112x7x17-natural-kraft-twisted-paper-1-6-handle-shoppers-250s-case/
https://facedrivesupply.com/wp-admin/post.php?post=6029&action=edit,https://facedrivesupply.com/product/store-supply/takeout-bag/%e3%80%90chartland%e3%80%9130-x-38-black-garbage-bag-150-bags/
https://facedrivesupply.com/wp-admin/post.php?post=6025&action=edit,https://facedrivesupply.com/product/store-supply/takeout-bag/%e3%80%90mart-tt%e3%80%91kraft-13x7x17-paper-bag-with-round-handle-250pc/
https://facedrivesupply.com/wp-admin/post.php?post=6007&action=edit,https://facedrivesupply.com/product/store-supply/takeout-bag/%e3%80%90atlas-frontenac%e3%80%918lb-brown-grocery-bag-500s/
https://facedrivesupply.com/wp-admin/post.php?post=6027&action=edit,https://facedrivesupply.com/product/store-supply/takeout-bag/%e3%80%90chartland%e3%80%9126-x-36-black-garbage-bag-200-bags/
https://facedrivesupply.com/wp-admin/post.php?post=6626&action=edit,https://facedrivesupply.com/product/store-supply/takeout-bag/premium-lady-bag-20lb-double-layer-xl/
https://facedrivesupply.com/wp-admin/post.php?post=6003&action=edit,https://facedrivesupply.com/product/store-supply/takeout-bag/%e3%80%90atlas-frontenac%e3%80%915lb-brown-grocery-bag-500s/
https://facedrivesupply.com/wp-admin/post.php?post=6001&action=edit,https://facedrivesupply.com/product/store-supply/takeout-bag/%e3%80%90atlas-frontenac%e3%80%913lb-brown-grocery-bag-500s/
https://facedrivesupply.com/wp-admin/post.php?post=5979&action=edit,https://facedrivesupply.com/product/store-supply/takeout-bag/%e3%80%90cxplastics%e3%80%91s1-t-shirt-bag-color-ld-15x18-24lb/
https://facedrivesupply.com/wp-admin/post.php?post=6017&action=edit,https://facedrivesupply.com/product/store-supply/takeout-bag/%e3%80%90tm%e3%80%9110-x-5-x-13-paper-twist-handle-bags-250s-case/
https://facedrivesupply.com/wp-admin/post.php?post=19824&action=edit,https://facedrivesupply.com/product/store-supply/takeout-bag/%e3%80%90atlas%e3%80%919-5x6x16-5-natural-kraft-twisted-paper-1-8-handle-shoppers-250s-case/
https://facedrivesupply.com/wp-admin/post.php?post=6133&action=edit,https://facedrivesupply.com/product/store-supply/bento-box/%e3%80%90hq-306%e3%80%91plastic-bento-boxes-5-compartment-200-set-cs-copy/
https://facedrivesupply.com/wp-admin/post.php?post=6307&action=edit,https://facedrivesupply.com/product/food/condiments-sauces-tax-free/%e3%80%90redpath%e3%80%91fine-sugar-20kg/
https://facedrivesupply.com/wp-admin/post.php?post=6299&action=edit,https://facedrivesupply.com/product/food/condiments-sauces-tax-free/%e3%80%90kadoya%e3%80%91100-pure-sesame-oil-10x1-65l/
https://facedrivesupply.com/wp-admin/post.php?post=6472&action=edit,https://facedrivesupply.com/product/food/condiments-sauces-tax-free/%e3%80%90nanzi%e3%80%91-rock-sugar-50454g-tax-free/
https://facedrivesupply.com/wp-admin/post.php?post=6279&action=edit,https://facedrivesupply.com/product/food/condiments-sauces-tax-free/%e3%80%90knorr%e3%80%91chicken-powder-12-x-1kg/
https://facedrivesupply.com/wp-admin/post.php?post=6305&action=edit,https://facedrivesupply.com/product/food/condiments-sauces-tax-free/%e3%80%90carnation%e3%80%91evaporated-milk-regular-48-x-354ml/
https://facedrivesupply.com/wp-admin/post.php?post=6289&action=edit,https://facedrivesupply.com/product/food/condiments-sauces-tax-free/%e3%80%90huy-fong%e3%80%91sriracha-hot-chili-sauce-12x793g/
https://facedrivesupply.com/wp-admin/post.php?post=6257&action=edit,https://facedrivesupply.com/product/food/condiments-sauces-tax-free/%e3%80%90allens%e3%80%91-white-vinegar-64l/
https://facedrivesupply.com/wp-admin/post.php?post=5775&action=edit,https://facedrivesupply.com/product/food/condiments-sauces-tax-free/%e3%80%90hunts%e3%80%91ketchup-6x100oz-tax-free/
https://facedrivesupply.com/wp-admin/post.php?post=6295&action=edit,https://facedrivesupply.com/product/food/condiments-sauces-tax-free/%e3%80%90wings%e3%80%91hot-chili-sauce-packets-500x9g-cs/
https://facedrivesupply.com/wp-admin/post.php?post=6297&action=edit,https://facedrivesupply.com/product/food/condiments-sauces-tax-free/%e3%80%90wings%e3%80%91-soya-sauce-packets-500x9g-cs/
https://facedrivesupply.com/wp-admin/post.php?post=6301&action=edit,https://facedrivesupply.com/product/food/condiments-sauces-tax-free/%e3%80%90sifto%e3%80%91hygrade-salt-20kg/
https://facedrivesupply.com/wp-admin/post.php?post=6269&action=edit,https://facedrivesupply.com/product/food/condiments-sauces-tax-free/%e3%80%90wings%e3%80%91-plum-sauce-packets-500x11g-cs/
https://facedrivesupply.com/wp-admin/post.php?post=6303&action=edit,https://facedrivesupply.com/product/food/condiments-sauces-tax-free/%e3%80%90pc%e3%80%91ketchup-packets-500x8ml-cs/
https://facedrivesupply.com/wp-admin/post.php?post=6275&action=edit,https://facedrivesupply.com/product/food/condiments-sauces-tax-free/%e3%80%90tai-tai-le%e3%80%91chicken-powder-1kg-x-10/
https://facedrivesupply.com/wp-admin/post.php?post=5835&action=edit,https://facedrivesupply.com/product/food/condiments-sauces-tax-free/%e3%80%90tangsong%e3%80%91-shaoxing-cooking-wine-63l/
https://facedrivesupply.com/wp-admin/post.php?post=6263&action=edit,https://facedrivesupply.com/product/food/condiments-sauces-tax-free/%e3%80%90juancheng%e3%80%91sichuan-red-oil-bean-paste-1200g-x-8/
https://facedrivesupply.com/wp-admin/post.php?post=6283&action=edit,https://facedrivesupply.com/product/food/condiments-sauces-tax-free/%e3%80%90wufeng%e3%80%91prickly-ash-oil-400ml-x-12/
https://facedrivesupply.com/wp-admin/post.php?post=6287&action=edit,https://facedrivesupply.com/product/food/condiments-sauces-tax-free/%e3%80%90haday%e3%80%91soy-sauce-1-9l-x-6/
https://facedrivesupply.com/wp-admin/post.php?post=5767&action=edit,https://facedrivesupply.com/product/food/condiments-sauces-tax-free/%e3%80%90pearl-river-bridge%e3%80%91-salt-cooking-liquor-24x600ml-tax-free/
https://facedrivesupply.com/wp-admin/post.php?post=5805&action=edit,https://facedrivesupply.com/product/food/condiments-sauces-tax-free/%e3%80%90pc%e3%80%91vinegar-packets-500x9g-cs/
https://facedrivesupply.com/wp-admin/post.php?post=10175&action=edit,https://facedrivesupply.com/product/food/condiments-sauces-tax-free/star-aniseed-80g-tax-free/
https://facedrivesupply.com/wp-admin/post.php?post=6281&action=edit,https://facedrivesupply.com/product/food/japanese-restaurant-wholesale/%e3%80%90kikkoman%e3%80%91-soy-sauce-in-pail-18-9l/
https://facedrivesupply.com/wp-admin/post.php?post=6485&action=edit,https://facedrivesupply.com/product/food/japanese-restaurant-wholesale/%e3%80%90shirakiku%e3%80%91-horseradish-powder-101kg-tax-free/
https://facedrivesupply.com/wp-admin/post.php?post=6493&action=edit,https://facedrivesupply.com/product/food/japanese-restaurant-wholesale/%e3%80%90yamasa%e3%80%91-soy-sauce-18-9l-tax-free/
https://facedrivesupply.com/wp-admin/post.php?post=6487&action=edit,https://facedrivesupply.com/product/food/japanese-restaurant-wholesale/%e3%80%90mizkan%e3%80%91rice-flavored-distilled-vinegar-20l-tax-free/
https://facedrivesupply.com/wp-admin/post.php?post=6479&action=edit,https://facedrivesupply.com/product/food/japanese-restaurant-wholesale/%e3%80%90shirakiku%e3%80%91soybean-paste-20kg-tax-free/
https://facedrivesupply.com/wp-admin/post.php?post=11938&action=edit,https://facedrivesupply.com/product/food/japanese-restaurant-wholesale/%e3%80%90shirakiku%e3%80%91-japanese-style-mayonnaise-3-79l-tax-free/
https://facedrivesupply.com/wp-admin/post.php?post=12643&action=edit,https://facedrivesupply.com/product/food/japanese-restaurant-wholesale/%e3%80%90shirakiku%e3%80%91-mirin-fu-teriou-sweet-japanese-seasoning-18l-tax-free/
https://facedrivesupply.com/wp-admin/post.php?post=6491&action=edit,https://facedrivesupply.com/product/food/japanese-restaurant-wholesale/%e3%80%90shirakiku%e3%80%91-seasoned-soy-sauce-unagi-kabayaki-no-tare-61-8l-tax-free/
https://facedrivesupply.com/wp-admin/post.php?post=6199&action=edit,https://facedrivesupply.com/product/store-supply/cups-cup-trays/4-cups-tray-300/
https://facedrivesupply.com/wp-admin/post.php?post=6681&action=edit,https://facedrivesupply.com/product/store-supply/disposable-tableware/%e3%80%90wismettac%e3%80%91-bamboo-chopsticks-3000-pairs/
https://facedrivesupply.com/wp-admin/post.php?post=6071&action=edit,https://facedrivesupply.com/product/store-supply/disposable-tableware/%e3%80%90gbc-dc-25s%e3%80%91medium-weight-spoons-1000s-cs/
https://facedrivesupply.com/wp-admin/post.php?post=17362&action=edit,https://facedrivesupply.com/product/store-supply/disposable-tableware/warpped-wood-chopsticks-4000/
https://facedrivesupply.com/wp-admin/post.php?post=6061&action=edit,https://facedrivesupply.com/product/store-supply/disposable-tableware/%e3%80%90gbc-dc-25f%e3%80%91medium-weight-forks-1000s-cs/
https://facedrivesupply.com/wp-admin/post.php?post=6075&action=edit,https://facedrivesupply.com/product/store-supply/disposable-tableware/%e3%80%90gbc-dc-45f%e3%80%91heavy-weight-forks-white-1000s-cs/
https://facedrivesupply.com/wp-admin/post.php?post=21625&action=edit,https://facedrivesupply.com/product/store-supply/disposable-tableware/%e3%80%90gbc-dc-45s%e3%80%91plastic-heavy-weight-soup-spoon-white-1000s-cs/
https://facedrivesupply.com/wp-admin/post.php?post=6065&action=edit,https://facedrivesupply.com/product/store-supply/disposable-tableware/%e3%80%90gbc-ir-25f%e3%80%91individually-wrapped-medium-weight-white-forks-1000-case/
https://facedrivesupply.com/wp-admin/post.php?post=19511&action=edit,https://facedrivesupply.com/product/store-supply/disposable-tableware/cutlery-kit-2pc800/
https://facedrivesupply.com/wp-admin/post.php?post=6077&action=edit,https://facedrivesupply.com/product/store-supply/disposable-tableware/%e3%80%90maple-leaf%e3%80%91plastic-chinese-spoon-hd-white-2000s-cs/
https://facedrivesupply.com/wp-admin/post.php?post=6067&action=edit,https://facedrivesupply.com/product/store-supply/disposable-tableware/%e3%80%90gbc-ir-25s%e3%80%91ir-25s-individually-wrapped-medium-weight-white-spoons-1000-case/
https://facedrivesupply.com/wp-admin/post.php?post=12974&action=edit,https://facedrivesupply.com/product/food/drink/%e3%80%90coca-cola%e3%80%91-coca-cola-355ml24-cans/
https://facedrivesupply.com/wp-admin/post.php?post=19973&action=edit,https://facedrivesupply.com/product/food/drink/%e3%80%90canada-dry%e3%80%91ginger-ale-355ml24/
https://facedrivesupply.com/wp-admin/post.php?post=12976&action=edit,https://facedrivesupply.com/product/food/drink/%e3%80%90coca-cola%e3%80%91-sprite-355ml24-cans/
https://facedrivesupply.com/wp-admin/post.php?post=12978&action=edit,https://facedrivesupply.com/product/food/drink/%e3%80%90coca-cola%e3%80%91-diet-coke-355ml24-cans/
https://facedrivesupply.com/wp-admin/post.php?post=27805&action=edit,https://facedrivesupply.com/product/food/drink/%e3%80%90nestle%e3%80%91nestea-lemon-341ml24-tax-free/
https://facedrivesupply.com/wp-admin/post.php?post=6251&action=edit,https://facedrivesupply.com/product/food/drink/%e3%80%90naya%e3%80%91spring-water-24-x-600ml/
https://facedrivesupply.com/wp-admin/post.php?post=19975&action=edit,https://facedrivesupply.com/product/food/drink/%e3%80%90coca-cola%e3%80%91coca-cola-zero-sugar-355ml24/
https://facedrivesupply.com/wp-admin/post.php?post=7204&action=edit,https://facedrivesupply.com/product/food/drink/%e3%80%90wanglaoji-%e3%80%91herbal-tea-310ml24-tax-free/
https://facedrivesupply.com/wp-admin/post.php?post=27794&action=edit,https://facedrivesupply.com/product/food/drink/%e3%80%90dasani%e3%80%91-bottled-water-591ml24-tax-free/
https://facedrivesupply.com/wp-admin/post.php?post=27802&action=edit,https://facedrivesupply.com/product/food/drink/%e3%80%90fanta%e3%80%91fanta-orange-473ml12/
https://facedrivesupply.com/wp-admin/post.php?post=27800&action=edit,https://facedrivesupply.com/product/food/drink/%e3%80%90minute-maid%e3%80%91100-orange-juice-355ml12-tax-free/
https://facedrivesupply.com/wp-admin/post.php?post=6249&action=edit,https://facedrivesupply.com/product/food/drink/hainan-coconut-drink-245ml24/
https://facedrivesupply.com/wp-admin/post.php?post=29198&action=edit,https://facedrivesupply.com/product/food/drink/%e3%80%90arizona%e3%80%91mucho-mango-24-x-680ml/
https://facedrivesupply.com/wp-admin/post.php?post=27637&action=edit,https://facedrivesupply.com/product/store-supply/eco-box/%e3%80%90chartland%e3%80%911-kraft-brown-box-800-ml-200s-cs/
https://facedrivesupply.com/wp-admin/post.php?post=5759&action=edit,https://facedrivesupply.com/product/store-supply/eco-box/%e3%80%90gbc-gd773%e3%80%913-section-fiber-hinged-lid-containers-200-cs/
https://facedrivesupply.com/wp-admin/post.php?post=23776&action=edit,https://facedrivesupply.com/product/store-supply/eco-box/%e3%80%90tt%e3%80%914-kraft-brown-box-112oz-160s-cs/
https://facedrivesupply.com/wp-admin/post.php?post=6149&action=edit,https://facedrivesupply.com/product/store-supply/eco-box/%e3%80%90chartland%e3%80%919x6-fiber-hinged-lid-container-200-cs/
https://facedrivesupply.com/wp-admin/post.php?post=6151&action=edit,https://facedrivesupply.com/product/store-supply/eco-box/%e3%80%90e-b%e3%80%914-chinese-take-out-box-egg-roll-box-200s/
https://facedrivesupply.com/wp-admin/post.php?post=6171&action=edit,https://facedrivesupply.com/product/store-supply/eco-box/12-pizza-boxes-50pcs-12-x-12-x-2/
https://facedrivesupply.com/wp-admin/post.php?post=6145&action=edit,https://facedrivesupply.com/product/store-supply/eco-box/%e3%80%90gbc-gd661%e3%80%916-large-size-sandwich-container-400-cs/
https://facedrivesupply.com/wp-admin/post.php?post=6159&action=edit,https://facedrivesupply.com/product/store-supply/eco-box/%e3%80%90chartland%e3%80%912-kraft-brown-box-1500-ml-200s-cs/
https://facedrivesupply.com/wp-admin/post.php?post=10330&action=edit,https://facedrivesupply.com/product/store-supply/eco-box/14-pizza-boxes-50pcs-14-x-14-x-2/
https://facedrivesupply.com/wp-admin/post.php?post=6169&action=edit,https://facedrivesupply.com/product/store-supply/eco-box/9-pizza-boxes-50pcs-9-x-9-x-1-75/
https://facedrivesupply.com/wp-admin/post.php?post=6135&action=edit,https://facedrivesupply.com/product/store-supply/eco-box/%e3%80%90gbc-gd551%e3%80%916-large-size-sandwich-container-400-cs/
https://facedrivesupply.com/wp-admin/post.php?post=6143&action=edit,https://facedrivesupply.com/product/store-supply/eco-box/%e3%80%90chartland%e3%80%919x9-fiber-hinged-lid-container-200-cs/
https://facedrivesupply.com/wp-admin/post.php?post=35855&action=edit,https://facedrivesupply.com/product/store-supply/eco-box/%e3%80%90chartland%e3%80%918-kraft-brown-box-1400-ml-200s-cs/
https://facedrivesupply.com/wp-admin/post.php?post=6153&action=edit,https://facedrivesupply.com/product/store-supply/eco-box/%e3%80%90e-b%e3%80%914s-chinese-take-out-box-egg-roll-box-200s/
https://facedrivesupply.com/wp-admin/post.php?post=23098&action=edit,https://facedrivesupply.com/product/store-supply/eco-box/10-pizza-boxes-50pcs-10-x-10-x-2/
https://facedrivesupply.com/wp-admin/post.php?post=5797&action=edit,https://facedrivesupply.com/product/store-supply/eco-box/%e3%80%90golden-maple%e3%80%9112oz-white-paper-soup-cup-500-cs/
https://facedrivesupply.com/wp-admin/post.php?post=5803&action=edit,https://facedrivesupply.com/product/store-supply/eco-box/%e3%80%90golden-maple%e3%80%91soup-cup-lid-115mm-for-12-32oz-500-cs/
https://facedrivesupply.com/wp-admin/post.php?post=5801&action=edit,https://facedrivesupply.com/product/store-supply/eco-box/%e3%80%90golden-maple%e3%80%9116oz-white-paper-soup-cup-500-cs/
https://facedrivesupply.com/wp-admin/post.php?post=24109&action=edit,https://facedrivesupply.com/product/store-supply/eco-box/%e3%80%90gbc-gd963%e3%80%919x6x3-fiber-hinged-lid-container-200-cs/
https://facedrivesupply.com/wp-admin/post.php?post=6173&action=edit,https://facedrivesupply.com/product/store-supply/eco-box/16-pizza-boxes-50pcs-16-x-16-x-2/
https://facedrivesupply.com/wp-admin/post.php?post=6139&action=edit,https://facedrivesupply.com/product/store-supply/eco-box/%e3%80%90gbc-gd993%e3%80%91large-size-3-section-fiber-deep-hinged-lid-containers-200-case/
https://facedrivesupply.com/wp-admin/post.php?post=6155&action=edit,https://facedrivesupply.com/product/store-supply/eco-box/%e3%80%90e-b%e3%80%916-chinese-take-out-box-egg-roll-box-200s/
https://facedrivesupply.com/wp-admin/post.php?post=5861&action=edit,https://facedrivesupply.com/product/store-supply/foam-containers/%e3%80%90pactiv%e3%80%910188-foam-container-220set-case/
https://facedrivesupply.com/wp-admin/post.php?post=5863&action=edit,https://facedrivesupply.com/product/store-supply/foam-containers/%e3%80%90pactiv%e3%80%91yhlw-0703-3-compartment-foam-container-150set-cs/
https://facedrivesupply.com/wp-admin/post.php?post=5887&action=edit,https://facedrivesupply.com/product/store-supply/foam-containers/%e3%80%90genpak-12c%e3%80%9112oz-foam-container-500-cs/
https://facedrivesupply.com/wp-admin/post.php?post=5865&action=edit,https://facedrivesupply.com/product/store-supply/foam-containers/%e3%80%90pactiv%e3%80%91yhlw-0801-foam-container-150set-cs/
https://facedrivesupply.com/wp-admin/post.php?post=5857&action=edit,https://facedrivesupply.com/product/store-supply/foam-containers/%e3%80%90pactiv%e3%80%910080-6-foam-container-500set-cs/
https://facedrivesupply.com/wp-admin/post.php?post=5897&action=edit,https://facedrivesupply.com/product/store-supply/foam-containers/%e3%80%90genpak-pl8%e3%80%91plastic-lid-for-8c-10c-500s/
https://facedrivesupply.com/wp-admin/post.php?post=5899&action=edit,https://facedrivesupply.com/product/store-supply/foam-containers/%e3%80%90genpak-pl16%e3%80%91plastic-lid-for-12c-16c-20c-24c-32ct-500s/
https://facedrivesupply.com/wp-admin/post.php?post=5869&action=edit,https://facedrivesupply.com/product/store-supply/foam-containers/%e3%80%90pactiv%e3%80%91yhlw-0901-smart-lock-foam-container-150set-case/
https://facedrivesupply.com/wp-admin/post.php?post=5877&action=edit,https://facedrivesupply.com/product/store-supply/foam-containers/%e3%80%90genpak%e3%80%9122500-sandwich-foam-container-500set-cs/
https://facedrivesupply.com/wp-admin/post.php?post=5883&action=edit,https://facedrivesupply.com/product/store-supply/foam-containers/%e3%80%90genpak-8c%e3%80%918oz-foam-container-500-cs/
https://facedrivesupply.com/wp-admin/post.php?post=5867&action=edit,https://facedrivesupply.com/product/store-supply/foam-containers/%e3%80%90pactiv%e3%80%91yhlw-0803-3-compartment-smart-lock-foam-container-150s/
https://facedrivesupply.com/wp-admin/post.php?post=5871&action=edit,https://facedrivesupply.com/product/store-supply/foam-containers/%e3%80%90pactiv%e3%80%91yhlw-0903-3-compartment-150set-case/
https://facedrivesupply.com/wp-admin/post.php?post=24319&action=edit,https://facedrivesupply.com/product/store-supply/foam-containers/%e3%80%90genpak-xl16%e3%80%91foam-lid-for-12c-16c-20c-24c-32ct-500s/
https://facedrivesupply.com/wp-admin/post.php?post=5859&action=edit,https://facedrivesupply.com/product/store-supply/foam-containers/%e3%80%90pactiv%e3%80%910189-foam-container-220set-case/
https://facedrivesupply.com/wp-admin/post.php?post=5879&action=edit,https://facedrivesupply.com/product/store-supply/foam-containers/%e3%80%90genpak-4c%e3%80%914oz-foam-container-1000-cs/
https://facedrivesupply.com/wp-admin/post.php?post=5875&action=edit,https://facedrivesupply.com/product/store-supply/foam-containers/%e3%80%90genpak%e3%80%9121700-foam-container-500set-case/
https://facedrivesupply.com/wp-admin/post.php?post=5889&action=edit,https://facedrivesupply.com/product/store-supply/foam-containers/%e3%80%90genpak-16c%e3%80%9116oz-foam-container-500-cs/
https://facedrivesupply.com/wp-admin/post.php?post=5855&action=edit,https://facedrivesupply.com/product/store-supply/foam-containers/%e3%80%90pactiv%e3%80%91yhlw-0701-lock-foam-container-150set-cs/
https://facedrivesupply.com/wp-admin/post.php?post=5903&action=edit,https://facedrivesupply.com/product/store-supply/foam-containers/%e3%80%90genpak-fbs700%e3%80%91plastic-lid-for-4c-1000s/
https://facedrivesupply.com/wp-admin/post.php?post=5885&action=edit,https://facedrivesupply.com/product/store-supply/foam-containers/%e3%80%90genpak-10c%e3%80%9110oz-foam-container-500-cs/
https://facedrivesupply.com/wp-admin/post.php?post=5891&action=edit,https://facedrivesupply.com/product/store-supply/foam-containers/%e3%80%90genpak-20c%e3%80%9120oz-foam-container-500-cs/
https://facedrivesupply.com/wp-admin/post.php?post=5893&action=edit,https://facedrivesupply.com/product/store-supply/foam-containers/%e3%80%90genpak-24c%e3%80%9124oz-foam-container-500-cs/
https://facedrivesupply.com/wp-admin/post.php?post=24316&action=edit,https://facedrivesupply.com/product/store-supply/foam-containers/%e3%80%90genpak-l8%e3%80%91foam-lid-for-8c-10c-500s/
https://facedrivesupply.com/wp-admin/post.php?post=5939&action=edit,https://facedrivesupply.com/product/store-supply/aluminum-foil-pan/%e3%80%90tt-788-35%e3%80%912-1-4-lb-oblong-pan-500pcs/
https://facedrivesupply.com/wp-admin/post.php?post=5915&action=edit,https://facedrivesupply.com/product/store-supply/aluminum-foil-pan/%e3%80%90tt-527-30%e3%80%917-round-pan-500pcs/
https://facedrivesupply.com/wp-admin/post.php?post=5913&action=edit,https://facedrivesupply.com/product/store-supply/aluminum-foil-pan/%e3%80%90tt-1012-30%e3%80%91half-size-lid-100pcs/
https://facedrivesupply.com/wp-admin/post.php?post=5909&action=edit,https://facedrivesupply.com/product/store-supply/aluminum-foil-pan/%e3%80%90tt-6132%e3%80%91half-size-deep-pan-100pcs/
https://facedrivesupply.com/wp-admin/post.php?post=5921&action=edit,https://facedrivesupply.com/product/store-supply/aluminum-foil-pan/%e3%80%90tt-528-30%e3%80%918-round-pan-500pcs/
https://facedrivesupply.com/wp-admin/post.php?post=5941&action=edit,https://facedrivesupply.com/product/store-supply/aluminum-foil-pan/%e3%80%90tt-685-788%e3%80%91heavy-lid-qty-500-paper/
https://facedrivesupply.com/wp-admin/post.php?post=5923&action=edit,https://facedrivesupply.com/product/store-supply/aluminum-foil-pan/%e3%80%90tt-lid36%e3%80%918-dome-lid-qty-500/
https://facedrivesupply.com/wp-admin/post.php?post=24361&action=edit,https://facedrivesupply.com/product/store-supply/aluminum-foil-pan/%e3%80%90ppp%e3%80%911-2-size-shallow-steam-table-pans-100-cs/
https://facedrivesupply.com/wp-admin/post.php?post=5929&action=edit,https://facedrivesupply.com/product/store-supply/aluminum-foil-pan/%e3%80%90hfa%e3%80%9116-round-catertray-silvery-25s-cs/
https://facedrivesupply.com/wp-admin/post.php?post=6483&action=edit,https://facedrivesupply.com/product/food/japanese-restaurant-wholesale/%e3%80%90shirakiku%e3%80%91-roasted-seaweed-yaki-nori-tokuyo-half-cut-1-package-200-sheets-tax-free/
https://facedrivesupply.com/wp-admin/post.php?post=6481&action=edit,https://facedrivesupply.com/product/food/japanese-restaurant-wholesale/%e3%80%90shirakiku%e3%80%91-roasted-seaweed-yaki-nori-tokuyo-full-size-1-package-100-sheets-tax-free/
https://facedrivesupply.com/wp-admin/post.php?post=15511&action=edit,https://facedrivesupply.com/product/store-supply/kitchen-supply/%e3%80%90elara%e3%80%91vinyl-gloves-large-prepfit-100pc-box/
https://facedrivesupply.com/wp-admin/post.php?post=5755&action=edit,https://facedrivesupply.com/product/store-supply/kitchen-supply/displsable-medical-mask-50-pcs/
https://facedrivesupply.com/wp-admin/post.php?post=6379&action=edit,https://facedrivesupply.com/product/store-supply/kitchen-supply/%e3%80%90inteplast%e3%80%9117-plastic-foodservice-film-with-slider-cutter/
https://facedrivesupply.com/wp-admin/post.php?post=5807&action=edit,https://facedrivesupply.com/product/new-arrivals/%e3%80%90joyshare%e3%80%91gas-cartridge-227g28/
https://facedrivesupply.com/wp-admin/post.php?post=6385&action=edit,https://facedrivesupply.com/product/store-supply/kitchen-supply/deli-gloves-large-500-box/
https://facedrivesupply.com/wp-admin/post.php?post=6371&action=edit,https://facedrivesupply.com/product/store-supply/kitchen-supply/nitrile-gloves-size-m-100pc-box/
https://facedrivesupply.com/wp-admin/post.php?post=6381&action=edit,https://facedrivesupply.com/product/store-supply/kitchen-supply/%e3%80%90inteplast%e3%80%9111-plastic-foodservice-film-with-slider-cutter/
https://facedrivesupply.com/wp-admin/post.php?post=6369&action=edit,https://facedrivesupply.com/product/store-supply/kitchen-supply/nitrile-gloves-size-l-100pc-box/
https://facedrivesupply.com/wp-admin/post.php?post=27453&action=edit,https://facedrivesupply.com/product/store-supply/kitchen-supply/%e3%80%90elara%e3%80%91vinyl-gloves-medium-prepfit-100pc-box/
https://facedrivesupply.com/wp-admin/post.php?post=6377&action=edit,https://facedrivesupply.com/product/store-supply/kitchen-supply/18-aluminium-foil-328-ft/
https://facedrivesupply.com/wp-admin/post.php?post=6375&action=edit,https://facedrivesupply.com/product/store-supply/kitchen-supply/12-aluminium-foil-600-sq-ft/
https://facedrivesupply.com/wp-admin/post.php?post=6313&action=edit,https://facedrivesupply.com/product/food/condiments-sauces-tax-free/lee-kum-kee/%e3%80%90lee-kum-kee%e3%80%91hoisin-sauce-2-27-kg-x-6/
https://facedrivesupply.com/wp-admin/post.php?post=6309&action=edit,https://facedrivesupply.com/product/food/condiments-sauces-tax-free/lee-kum-kee/%e3%80%90lee-kum-kee%e3%80%91chung-oyster-flavored-sauce-6-x-2-21kg/
https://facedrivesupply.com/wp-admin/post.php?post=6327&action=edit,https://facedrivesupply.com/product/food/condiments-sauces-tax-free/lee-kum-kee/%e3%80%90lee-kum-kee%e3%80%91kum-chun-oyster-flavored-sauce-2-2kg-x-6/
https://facedrivesupply.com/wp-admin/post.php?post=6325&action=edit,https://facedrivesupply.com/product/food/condiments-sauces-tax-free/lee-kum-kee/%e3%80%90lee-kum-kee%e3%80%91panda-oyster-sauce-2-27kg-x-6/
https://facedrivesupply.com/wp-admin/post.php?post=6317&action=edit,https://facedrivesupply.com/product/food/condiments-sauces-tax-free/lee-kum-kee/%e3%80%90lee-kum-kee%e3%80%91soy-8l-x-2/
https://facedrivesupply.com/wp-admin/post.php?post=8931&action=edit,https://facedrivesupply.com/product/food/condiments-sauces-tax-free/lee-kum-kee/%e3%80%90lee-kum-kee%e3%80%91mush-flavored-dark-soy-8l-x-2-tax-free/
https://facedrivesupply.com/wp-admin/post.php?post=10188&action=edit,https://facedrivesupply.com/product/food/condiments-sauces-tax-free/lee-kum-kee/%e3%80%90lee-kum-kee%e3%80%91premium-chicken-powder-no-msg-1kg35oz/
https://facedrivesupply.com/wp-admin/post.php?post=5943&action=edit,https://facedrivesupply.com/product/store-supply/microwavable-container/microwavable-bowl/%e3%80%90tiya-nb36%e3%80%9136oz-microwavable-circular-noodle-bowl-black-120-set-case/
https://facedrivesupply.com/wp-admin/post.php?post=5949&action=edit,https://facedrivesupply.com/product/store-supply/microwavable-container/microwavable-bowl/%e3%80%90tiya-nb42%e3%80%9142oz-microwavable-circular-noodle-bowl-black-120-set-case/
https://facedrivesupply.com/wp-admin/post.php?post=5957&action=edit,https://facedrivesupply.com/product/store-supply/microwavable-container/microwavable-bowl/%e3%80%90lr-nb48b%e3%80%9142oz-microwavable-circular-noodle-bowl-black-150-set-case/
https://facedrivesupply.com/wp-admin/post.php?post=9019&action=edit,https://facedrivesupply.com/product/store-supply/microwavable-container/microwavable-bowl/%e3%80%90lr-nb38b%e3%80%9132oz-microwavable-circular-noodle-bowl-black-150-set-case/
https://facedrivesupply.com/wp-admin/post.php?post=5951&action=edit,https://facedrivesupply.com/product/store-supply/microwavable-container/microwavable-bowl/%e3%80%90tiya-nb50%e3%80%9150oz-microwavable-circular-noodle-bowl-black-120-set-case/
https://facedrivesupply.com/wp-admin/post.php?post=5953&action=edit,https://facedrivesupply.com/product/store-supply/microwavable-container/microwavable-bowl/%e3%80%90lr-nb42%e3%80%91microwavable-circular-noodle-bowl-36oz/
https://facedrivesupply.com/wp-admin/post.php?post=5945&action=edit,https://facedrivesupply.com/product/store-supply/microwavable-container/microwavable-bowl/%e3%80%90jt-700%e3%80%9124oz-700ml-circular-noodle-bowl-with-lid-300-cs/
https://facedrivesupply.com/wp-admin/post.php?post=5947&action=edit,https://facedrivesupply.com/product/store-supply/microwavable-container/microwavable-bowl/%e3%80%90jt-1000%e3%80%9132oz-1000ml-circular-noodle-bowl-with-lid-100-cs/
https://facedrivesupply.com/wp-admin/post.php?post=5851&action=edit,https://facedrivesupply.com/product/store-supply/microwavable-container/microwavable-deli-containers/%e3%80%90ty-s32%e3%80%9132oz-pp-deli-container-240-cs/
https://facedrivesupply.com/wp-admin/post.php?post=5839&action=edit,https://facedrivesupply.com/product/store-supply/microwavable-container/microwavable-deli-containers/%e3%80%90ty-s16%e3%80%9116oz-pp-deli-container/
https://facedrivesupply.com/wp-admin/post.php?post=5853&action=edit,https://facedrivesupply.com/product/store-supply/microwavable-container/microwavable-deli-containers/%e3%80%90ty-s12%e3%80%9112oz-pp-deli-container-240-set-case/
https://facedrivesupply.com/wp-admin/post.php?post=5849&action=edit,https://facedrivesupply.com/product/store-supply/microwavable-container/microwavable-deli-containers/%e3%80%90ty-s24%e3%80%9124oz-pp-deli-container-240-cs/
https://facedrivesupply.com/wp-admin/post.php?post=5841&action=edit,https://facedrivesupply.com/product/store-supply/microwavable-container/microwavable-deli-containers/%e3%80%90ty-s8%e3%80%918oz-pp-deli-container/
https://facedrivesupply.com/wp-admin/post.php?post=5847&action=edit,https://facedrivesupply.com/product/store-supply/microwavable-container/microwavable-deli-containers/%e3%80%90lr-s32%e3%80%9132oz-microwavable-deli-circular-240set-case/
https://facedrivesupply.com/wp-admin/post.php?post=5837&action=edit,https://facedrivesupply.com/product/store-supply/microwavable-container/microwavable-deli-containers/%e3%80%90pcm-s64%e3%80%9164oz-microwavable-deli-circular-120set-case/
https://facedrivesupply.com/wp-admin/post.php?post=6079&action=edit,https://facedrivesupply.com/product/store-supply/microwavable-container/microwavable-rectangular-containers/%e3%80%90ty-28%e3%80%9128oz-rectangular-microwavable-container-with-lid-150-cs/
https://facedrivesupply.com/wp-admin/post.php?post=6099&action=edit,https://facedrivesupply.com/product/store-supply/microwavable-container/microwavable-rectangular-containers/%e3%80%90lr-lr28%e3%80%9128oz-microwavable-rectangular-150-set-case/
https://facedrivesupply.com/wp-admin/post.php?post=6097&action=edit,https://facedrivesupply.com/product/store-supply/microwavable-container/microwavable-rectangular-containers/%e3%80%90ty-38%e3%80%9138oz-rectangular-microwavable-container-with-lid-150-cs/
https://facedrivesupply.com/wp-admin/post.php?post=6095&action=edit,https://facedrivesupply.com/product/store-supply/microwavable-container/microwavable-rectangular-containers/%e3%80%90ty-32%e3%80%9132oz-rectangular-microwavable-container-with-lid-150-sets/
https://facedrivesupply.com/wp-admin/post.php?post=6101&action=edit,https://facedrivesupply.com/product/store-supply/microwavable-container/microwavable-rectangular-containers/%e3%80%90ty-58%e3%80%9158oz-rectangular-microwavable-container-with-lid-150-cs/
https://facedrivesupply.com/wp-admin/post.php?post=6103&action=edit,https://facedrivesupply.com/product/store-supply/microwavable-container/microwavable-rectangular-containers/%e3%80%90lr-lr32%e3%80%9132oz-microwavable-rectangular-150-set-case/
https://facedrivesupply.com/wp-admin/post.php?post=6093&action=edit,https://facedrivesupply.com/product/store-supply/microwavable-container/microwavable-rectangular-containers/%e3%80%90ty-24%e3%80%9124oz-rectangular-microwavable-container-with-lid-150-cs/
https://facedrivesupply.com/wp-admin/post.php?post=6111&action=edit,https://facedrivesupply.com/product/store-supply/microwavable-container/microwavable-rectangular-containers/%e3%80%90ty-339%e3%80%9139oz-rectangular-microwavable-container-with-lid-3-compartment-150-cs/
https://facedrivesupply.com/wp-admin/post.php?post=6083&action=edit,https://facedrivesupply.com/product/store-supply/microwavable-container/microwavable-rectangular-containers/%e3%80%90lr-lr16%e3%80%9116oz-microwavable-rectangular-150-set-case/
https://facedrivesupply.com/wp-admin/post.php?post=6085&action=edit,https://facedrivesupply.com/product/store-supply/microwavable-container/microwavable-rectangular-containers/%e3%80%90lr-lr24%e3%80%9124oz-microwavable-rectangular-150-set-case/
https://facedrivesupply.com/wp-admin/post.php?post=6107&action=edit,https://facedrivesupply.com/product/store-supply/microwavable-container/microwavable-rectangular-containers/%e3%80%90ty-333%e3%80%9133oz-rectangular-microwavable-container-with-lid-3-compartment-150-cs/
https://facedrivesupply.com/wp-admin/post.php?post=24722&action=edit,https://facedrivesupply.com/product/store-supply/microwavable-container/microwavable-rectangular-containers/%e3%80%90tqr-12b%e3%80%9112oz-microwavable-rectangular-150-set-case/
https://facedrivesupply.com/wp-admin/post.php?post=6091&action=edit,https://facedrivesupply.com/product/store-supply/microwavable-container/microwavable-rectangular-containers/%e3%80%90ty-232%e3%80%9132oz-rectangular-microwavable-container-with-lid-2-compartment-150-sets/
https://facedrivesupply.com/wp-admin/post.php?post=6087&action=edit,https://facedrivesupply.com/product/store-supply/microwavable-container/microwavable-rectangular-containers/%e3%80%90lr-lr26%e3%80%9126oz-microwavable-rectangular-150-set-case/
https://facedrivesupply.com/wp-admin/post.php?post=6081&action=edit,https://facedrivesupply.com/product/store-supply/microwavable-container/microwavable-rectangular-containers/%e3%80%90ty-16%e3%80%9116oz-rectangular-microwavable-container-with-lid-150-cs/
https://facedrivesupply.com/wp-admin/post.php?post=5795&action=edit,https://facedrivesupply.com/product/store-supply/microwavable-container/microwavable-rectangular-containers/%e3%80%90technoflow%e3%80%916-compartment-tray-black-base-clear-lid-100-sets-case/
https://facedrivesupply.com/wp-admin/post.php?post=6117&action=edit,https://facedrivesupply.com/product/store-supply/microwavable-container/microwavable-rectangular-containers/%e3%80%90lr-lt32%e3%80%91rectangular-2-compartment-32oz/
https://facedrivesupply.com/wp-admin/post.php?post=6894&action=edit,https://facedrivesupply.com/product/store-supply/microwavable-container/microwavable-round-containers/%e3%80%90ty-r24%e3%80%9124oz-round-microwavable-container-with-lid-150-cs/
https://facedrivesupply.com/wp-admin/post.php?post=6896&action=edit,https://facedrivesupply.com/product/store-supply/microwavable-container/microwavable-round-containers/%e3%80%90ty-r48%e3%80%9148oz-round-microwavable-container-with-lid-150-cs/
https://facedrivesupply.com/wp-admin/post.php?post=6119&action=edit,https://facedrivesupply.com/product/store-supply/microwavable-container/microwavable-round-containers/%e3%80%90lr-y24%e3%80%9124oz-microwavable-circular-150-set-case/
https://facedrivesupply.com/wp-admin/post.php?post=6131&action=edit,https://facedrivesupply.com/product/store-supply/microwavable-container/microwavable-round-containers/%e3%80%90ty-r32%e3%80%9132oz-round-microwavable-container-with-lid-150-cs/
https://facedrivesupply.com/wp-admin/post.php?post=6129&action=edit,https://facedrivesupply.com/product/store-supply/microwavable-container/microwavable-round-containers/%e3%80%90ty-r16%e3%80%9116oz-round-microwavable-container-with-lid-150-cs/
https://facedrivesupply.com/wp-admin/post.php?post=6121&action=edit,https://facedrivesupply.com/product/store-supply/microwavable-container/microwavable-round-containers/%e3%80%90lr-y16%e3%80%9116oz-microwavable-circular-150-set-case/
https://facedrivesupply.com/wp-admin/post.php?post=6125&action=edit,https://facedrivesupply.com/product/store-supply/microwavable-container/microwavable-round-containers/%e3%80%90lr-y32%e3%80%9132oz-microwavable-circular-150-set-case/
https://facedrivesupply.com/wp-admin/post.php?post=10935&action=edit,https://facedrivesupply.com/product/store-supply/microwavable-container/microwavable-round-containers/%e3%80%90ty-r40%e3%80%9140oz-round-microwavable-container-with-lid-150-cs/
https://facedrivesupply.com/wp-admin/post.php?post=6123&action=edit,https://facedrivesupply.com/product/store-supply/microwavable-container/microwavable-round-containers/%e3%80%90lr-y40%e3%80%9140oz-microwavable-circular-150-set-case/
https://facedrivesupply.com/wp-admin/post.php?post=6127&action=edit,https://facedrivesupply.com/product/store-supply/microwavable-container/microwavable-round-containers/%e3%80%90lr-jr48%e3%80%9148oz-microwavable-circular-150-set-case/
https://facedrivesupply.com/wp-admin/post.php?post=6213&action=edit,https://facedrivesupply.com/product/food/bulk-cooking-oil/%e3%80%90capri%e3%80%91vegetable-oil-16l-tax-free/
https://facedrivesupply.com/wp-admin/post.php?post=6221&action=edit,https://facedrivesupply.com/product/food/bulk-cooking-oil/%e3%80%90messina%e3%80%91canola-oil-16l-tax-free/
https://facedrivesupply.com/wp-admin/post.php?post=6219&action=edit,https://facedrivesupply.com/product/food/bulk-cooking-oil/%e3%80%90saporito%e3%80%91-canola-oil-16l/
https://facedrivesupply.com/wp-admin/post.php?post=6215&action=edit,https://facedrivesupply.com/product/food/bulk-cooking-oil/%e3%80%90capri%e3%80%91canola-oil-16l-tax-free/
https://facedrivesupply.com/wp-admin/post.php?post=19498&action=edit,https://facedrivesupply.com/product/food/bulk-cooking-oil/%e3%80%90canolina%e3%80%91canola-oil-16l-tax-free/
https://facedrivesupply.com/wp-admin/post.php?post=6211&action=edit,https://facedrivesupply.com/product/food/packaged-food/quail-eggs-in-water-425gx24/
https://facedrivesupply.com/wp-admin/post.php?post=5809&action=edit,https://facedrivesupply.com/product/food/packaged-food/%e3%80%90aroy-d%e3%80%91-coconut-milk-400ml24/
https://facedrivesupply.com/wp-admin/post.php?post=5811&action=edit,https://facedrivesupply.com/product/food/packaged-food/%e3%80%90aroy-d%e3%80%91-coconut-cream-560ml24/
https://facedrivesupply.com/wp-admin/post.php?post=6207&action=edit,https://facedrivesupply.com/product/food/packaged-food/%e3%80%90wings%e3%80%91-fortune-cookies-400s/
https://facedrivesupply.com/wp-admin/post.php?post=6209&action=edit,https://facedrivesupply.com/product/food/packaged-food/%e3%80%90holiday%e3%80%91luncheon-meat-24x340g/
https://facedrivesupply.com/wp-admin/post.php?post=6227&action=edit,https://facedrivesupply.com/product/store-supply/paper-products/%e3%80%90cardinal-dn3m%e3%80%911-ply-dinner-napkins-3000/
https://facedrivesupply.com/wp-admin/post.php?post=6229&action=edit,https://facedrivesupply.com/product/store-supply/paper-products/%e3%80%90cardinal-dn23m%e3%80%912-ply-dinner-napkins-3000/
https://facedrivesupply.com/wp-admin/post.php?post=6241&action=edit,https://facedrivesupply.com/product/store-supply/paper-products/%e3%80%90cascades-h035%e3%80%91natural-roll-paper-towels-12-rolls/
https://facedrivesupply.com/wp-admin/post.php?post=6225&action=edit,https://facedrivesupply.com/product/store-supply/paper-products/%e3%80%90cascades-h065%e3%80%91natural-roll-paper-towels-12-rolls/
https://facedrivesupply.com/wp-admin/post.php?post=6245&action=edit,https://facedrivesupply.com/product/store-supply/paper-products/%e3%80%90dynasty-chartland-dispose-rr90%e3%80%91register-rolls-3-1-8x180-ft-50-rolls/
https://facedrivesupply.com/wp-admin/post.php?post=25301&action=edit,https://facedrivesupply.com/product/store-supply/paper-products/%e3%80%90everpaper%e3%80%911-ply-dinner-napkin-3000/
https://facedrivesupply.com/wp-admin/post.php?post=6239&action=edit,https://facedrivesupply.com/product/store-supply/paper-products/%e3%80%90cascades-b085%e3%80%91jumbo-toilet-tissue-8-rolls/
https://facedrivesupply.com/wp-admin/post.php?post=25303&action=edit,https://facedrivesupply.com/product/store-supply/paper-products/%e3%80%90everpaper%e3%80%912-ply-dinner-napkin-2600/
https://facedrivesupply.com/wp-admin/post.php?post=6758&action=edit,https://facedrivesupply.com/product/store-supply/paper-products/%e3%80%90cascades-h060a%e3%80%91roll-paper-towels-12-rolls-white/
https://facedrivesupply.com/wp-admin/post.php?post=6243&action=edit,https://facedrivesupply.com/product/store-supply/paper-products/%e3%80%90cascades-b021%e3%80%91standard-toilet-tissue-48-rolls/
https://facedrivesupply.com/wp-admin/post.php?post=12580&action=edit,https://facedrivesupply.com/product/store-supply/paper-products/checkers-greaseproof-paper-red-1000-pcs-12x12/
https://facedrivesupply.com/wp-admin/post.php?post=6237&action=edit,https://facedrivesupply.com/product/store-supply/paper-products/%e3%80%90dynasty-chartland-rr73%e3%80%91register-rolls-2-1-4x30-ft-1-1-4-100-rolls/
https://facedrivesupply.com/wp-admin/post.php?post=8192&action=edit,https://facedrivesupply.com/product/store-supply/paper-products/white-wax-paper-sheets-12-x-12/
https://facedrivesupply.com/wp-admin/post.php?post=7616&action=edit,https://facedrivesupply.com/product/store-supply/plastic-hinged-containers/%e3%80%90ty-h81%e3%80%91clamshell-pp-container-8-x-8-150pc/
https://facedrivesupply.com/wp-admin/post.php?post=7616&action=edit,https://facedrivesupply.com/product/store-supply/plastic-hinged-containers/%e3%80%90ty-h81%e3%80%91clamshell-pp-container-8-x-8-150pc/
https://facedrivesupply.com/wp-admin/post.php?post=7618&action=edit,https://facedrivesupply.com/product/store-supply/plastic-hinged-containers/%e3%80%90ty-h96%e3%80%91clamshell-pp-container-9-x-6-200pc/
https://facedrivesupply.com/wp-admin/post.php?post=7618&action=edit,https://facedrivesupply.com/product/store-supply/plastic-hinged-containers/%e3%80%90ty-h96%e3%80%91clamshell-pp-container-9-x-6-200pc/
https://facedrivesupply.com/wp-admin/post.php?post=5973&action=edit,https://facedrivesupply.com/product/store-supply/plastic-hinged-containers/%e3%80%90ty-h91%e3%80%91clamshell-pp-container-9-x-9-150pc/
https://facedrivesupply.com/wp-admin/post.php?post=5973&action=edit,https://facedrivesupply.com/product/store-supply/plastic-hinged-containers/%e3%80%90ty-h91%e3%80%91clamshell-pp-container-9-x-9-150pc/
https://facedrivesupply.com/wp-admin/post.php?post=5971&action=edit,https://facedrivesupply.com/product/store-supply/plastic-hinged-containers/%e3%80%90ty-h93%e3%80%91clamshell-pp-container-3-compartment-9-x-9-150pc/
https://facedrivesupply.com/wp-admin/post.php?post=7620&action=edit,https://facedrivesupply.com/product/store-supply/plastic-hinged-containers/%e3%80%90ty-h83%e3%80%91clamshell-pp-container-3-compartment-8-x-8-150pc/
https://facedrivesupply.com/wp-admin/post.php?post=7620&action=edit,https://facedrivesupply.com/product/store-supply/plastic-hinged-containers/%e3%80%90ty-h83%e3%80%91clamshell-pp-container-3-compartment-8-x-8-150pc/
https://facedrivesupply.com/wp-admin/post.php?post=7975&action=edit,https://facedrivesupply.com/product/store-supply/plastic-hinged-containers/%e3%80%90ty-h61%e3%80%91clamshell-pp-container-6-x-6-250pc/
https://facedrivesupply.com/wp-admin/post.php?post=6476&action=edit,https://facedrivesupply.com/product/food/japanese-restaurant-wholesale/%e3%80%90tempura%e3%80%91batter-mix-a-type-40lb-tax-free/
https://facedrivesupply.com/wp-admin/post.php?post=6355&action=edit,https://facedrivesupply.com/product/food/rice-flour-tax-free/%e3%80%90adm-baker-rose%e3%80%91all-purpose-flour-20kg/
https://facedrivesupply.com/wp-admin/post.php?post=6333&action=edit,https://facedrivesupply.com/product/food/rice-flour-tax-free/%e3%80%90mei-loi-mai%e3%80%91long-grain-rice-20kg/
https://facedrivesupply.com/wp-admin/post.php?post=6329&action=edit,https://facedrivesupply.com/product/food/rice-flour-tax-free/%e3%80%90windmill%e3%80%91potato-starch-50lb/
https://facedrivesupply.com/wp-admin/post.php?post=6339&action=edit,https://facedrivesupply.com/product/food/rice-flour-tax-free/%e3%80%90dainty%e3%80%91eagle-patna-premium-long-grain-white-rice-20kg/
https://facedrivesupply.com/wp-admin/post.php?post=6353&action=edit,https://facedrivesupply.com/product/food/rice-flour-tax-free/%e3%80%90heiwa%e3%80%91calrose-rice-for-sushi-40lb/
https://facedrivesupply.com/wp-admin/post.php?post=6357&action=edit,https://facedrivesupply.com/product/food/rice-flour-tax-free/%e3%80%90adm-202%e3%80%91-monarch-pastry-flour-20kg/
https://facedrivesupply.com/wp-admin/post.php?post=6335&action=edit,https://facedrivesupply.com/product/food/rice-flour-tax-free/%e3%80%90rose-brand%e3%80%91jasmine-white-scented-rice-36lb/
https://facedrivesupply.com/wp-admin/post.php?post=6468&action=edit,https://facedrivesupply.com/product/food/rice-flour-tax-free/%e3%80%90bakery-essentials%e3%80%91-diamond-strong-bakers-flour-20kg-tax-free/
https://facedrivesupply.com/wp-admin/post.php?post=6331&action=edit,https://facedrivesupply.com/product/food/rice-flour-tax-free/%e3%80%90adm-204%e3%80%91-monarch-special-cake-flour-20kg/
https://facedrivesupply.com/wp-admin/post.php?post=6341&action=edit,https://facedrivesupply.com/product/food/rice-flour-tax-free/%e3%80%90sekka%e3%80%91-rice-40lbs/
https://facedrivesupply.com/wp-admin/post.php?post=6359&action=edit,https://facedrivesupply.com/product/food/rice-flour-tax-free/%e3%80%90ingredion%e3%80%91corn-starch-50lbs/
https://facedrivesupply.com/wp-admin/post.php?post=15181&action=edit,https://facedrivesupply.com/product/food/rice-flour-tax-free/%e3%80%90pacific-gold%e3%80%91-thai-hom-mali-rice-16kg-tax-free/
https://facedrivesupply.com/wp-admin/post.php?post=6361&action=edit,https://facedrivesupply.com/product/food/rice-flour-tax-free/%e3%80%90pinnacle%e3%80%91baking-powder-5kg/
https://facedrivesupply.com/wp-admin/post.php?post=6466&action=edit,https://facedrivesupply.com/product/food/rice-flour-tax-free/%e3%80%90bakery-essentials%e3%80%91-all-purpose-flour-20kg-tax-free/
https://facedrivesupply.com/wp-admin/post.php?post=6345&action=edit,https://facedrivesupply.com/product/food/rice-flour-tax-free/%e3%80%90far-east%e3%80%91batter-mix-20kg/
https://facedrivesupply.com/wp-admin/post.php?post=6343&action=edit,https://facedrivesupply.com/product/food/rice-flour-tax-free/%e3%80%90jl%e3%80%91jiangxi-rice-vermicelli-400g60-tax-free/
https://facedrivesupply.com/wp-admin/post.php?post=17337&action=edit,https://facedrivesupply.com/product/food/rice-flour-tax-free/%e3%80%90shuangta%e3%80%91-longkou-vermicelli-500g50-tax-free/
https://facedrivesupply.com/wp-admin/post.php?post=6187&action=edit,https://facedrivesupply.com/product/store-supply/sauce-cups/%e3%80%90solo-pl200n%e3%80%911-5oz-2oz-portion-cup-lid-2500s-cs/
https://facedrivesupply.com/wp-admin/post.php?post=26939&action=edit,https://facedrivesupply.com/product/store-supply/sauce-cups/%e3%80%90tiya-p200%e3%80%912oz-portion-cup-2500-pcs-cs/
https://facedrivesupply.com/wp-admin/post.php?post=6189&action=edit,https://facedrivesupply.com/product/store-supply/sauce-cups/%e3%80%90solo-p325n%e3%80%913-25oz-portion-cup-2500s-cs/
https://facedrivesupply.com/wp-admin/post.php?post=6185&action=edit,https://facedrivesupply.com/product/store-supply/sauce-cups/%e3%80%90solo-p200n%e3%80%912oz-portion-cup-2500s-cs/
https://facedrivesupply.com/wp-admin/post.php?post=26935&action=edit,https://facedrivesupply.com/product/store-supply/sauce-cups/%e3%80%90tiya-p150250l%e3%80%911-5oz-2oz-portion-cup-lid-2500-pcs-csnot-compatible-with-solo/
https://facedrivesupply.com/wp-admin/post.php?post=6193&action=edit,https://facedrivesupply.com/product/store-supply/sauce-cups/%e3%80%90solo-pl4n%e3%80%913-25oz-4oz-5-5oz-portion-cup-lid-2500s-cs/
https://facedrivesupply.com/wp-admin/post.php?post=26251&action=edit,https://facedrivesupply.com/product/store-supply/sauce-cups/%e3%80%90tiya-p075100l%e3%80%910-75oz-1oz-portion-cup-lid-2500-pcs-cs-not-compatible-with-solo/
https://facedrivesupply.com/wp-admin/post.php?post=26249&action=edit,https://facedrivesupply.com/product/store-supply/sauce-cups/%e3%80%90tiya-p100%e3%80%911oz-portion-cup-2500-pcs-cs-not-compatible-with-solo/
https://facedrivesupply.com/wp-admin/post.php?post=6197&action=edit,https://facedrivesupply.com/product/store-supply/sauce-cups/%e3%80%90tiya-p325550l%e3%80%913-25oz-4oz-5-5oz-portion-cup-lid-2500-pcs-cs-not-compatible-with-solo/
https://facedrivesupply.com/wp-admin/post.php?post=26933&action=edit,https://facedrivesupply.com/product/store-supply/sauce-cups/%e3%80%90tiya-p400%e3%80%914oz-portion-cup-2500-pcs-cs-not-compatible-with-solo/
https://facedrivesupply.com/wp-admin/post.php?post=6179&action=edit,https://facedrivesupply.com/product/store-supply/sauce-cups/%e3%80%90solo-pl100n%e3%80%910-75oz-1oz-portion-cup-lid-2500s-cs/
https://facedrivesupply.com/wp-admin/post.php?post=6195&action=edit,https://facedrivesupply.com/product/store-supply/sauce-cups/%e3%80%90tiya-p550%e3%80%915-5oz-portion-cup-2500-pcs-cs-not-compatible-with-solo/
https://facedrivesupply.com/wp-admin/post.php?post=15320&action=edit,https://facedrivesupply.com/product/store-supply/sushi-tray/%e3%80%90sumo-st63%e3%80%91sushi-tray-13-circular-120-sets-cs/
https://facedrivesupply.com/wp-admin/post.php?post=12043&action=edit,https://facedrivesupply.com/product/store-supply/sushi-tray/%e3%80%90st-64%e3%80%91sushi-tray-14-circular-120-sets-cs/
https://facedrivesupply.com/wp-admin/post.php?post=15318&action=edit,https://facedrivesupply.com/product/store-supply/sushi-tray/%e3%80%90st-61%e3%80%91sushi-tray-11-circular-120-sets-cs/
https://facedrivesupply.com/wp-admin/post.php?post=6051&action=edit,https://facedrivesupply.com/product/store-supply/sushi-tray/%e3%80%90jt-07%e3%80%91sushi-tray-rectangular-215x133x20mm-400-sets-cs/
https://facedrivesupply.com/wp-admin/post.php?post=6049&action=edit,https://facedrivesupply.com/product/store-supply/sushi-tray/%e3%80%90jt-05%e3%80%91sushi-tray-rectangular-185x127x20mm-400-sets-cs/
https://facedrivesupply.com/wp-admin/post.php?post=6043&action=edit,https://facedrivesupply.com/product/store-supply/sushi-tray/%e3%80%90jt-03%e3%80%91sushi-tray-rectangular-165x115x20mm-600-sets-cs/
https://facedrivesupply.com/wp-admin/post.php?post=6053&action=edit,https://facedrivesupply.com/product/store-supply/sushi-tray/%e3%80%90jt-st-09%e3%80%91sushi-tray-rectangular-235x143x20mm-300-sets-cs/
https://facedrivesupply.com/wp-admin/post.php?post=6391&action=edit,https://facedrivesupply.com/product/store-supply/warewashing-chemicals/%e3%80%90value%e3%80%91dish-washing-liquid-44l/
https://facedrivesupply.com/wp-admin/post.php?post=6393&action=edit,https://facedrivesupply.com/product/store-supply/warewashing-chemicals/%e3%80%90value%e3%80%91bleach-44l/
https://facedrivesupply.com/wp-admin/post.php?post=6389&action=edit,https://facedrivesupply.com/product/store-supply/warewashing-chemicals/%e3%80%90value%e3%80%91all-purpose-cleaner44l/
https://facedrivesupply.com/wp-admin/post.php?post=24944&action=edit,https://facedrivesupply.com/product/store-supply/warewashing-chemicals/%e3%80%90value%e3%80%91value-white-lotion-hand-soap-44l/
